timestamp	category	url	detail
2026-10-03T21:19:00.560239+00:00	parse_error	https://link.springer.com/search.rss?query=*&facet-journal-id=10836&sortOrder=newest	malformed feed
2026-10-03T21:19:00.757834+00:00	parse_error	https://link.springer.com/search.rss?query=*&facet-journal-id=10853&sortOrder=newest	malformed feed
2026-10-03T21:19:00.890443+00:00	parse_error	https://link.springer.com/search.rss?query=*&facet-journal-id=10854&sortOrder=newest	malformed feed
2026-10-03T21:19:01.050328+00:00	parse_error	https://link.springer.com/search.rss?query=*&facet-journal-id=11051&sortOrder=newest	malformed feed
2026-10-03T21:19:01.215075+00:00	parse_error	https://link.springer.com/search.rss?query=*&facet-journal-id=11664&sortOrder=newest	malformed feed
2026-10-03T21:19:01.301986+00:00	parse_error	https://link.springer.com/search.rss?query=*&facet-journal-id=12274&sortOrder=newest	malformed feed
2026-10-03T21:19:01.457691+00:00	parse_error	https://link.springer.com/search.rss?query=*&facet-journal-id=12598&sortOrder=newest	malformed feed
2026-10-03T21:19:01.545961+00:00	parse_error	https://link.springer.com/search.rss?query=*&facet-journal-id=340&sortOrder=newest	malformed feed
2026-10-03T21:19:01.658456+00:00	parse_error	https://link.springer.com/search.rss?query=*&facet-journal-id=40823&sortOrder=newest	malformed feed
2026-10-03T21:19:09.932452+00:00	parse_error	https://www.nature.com/nature.rss	malformed feed
2026-10-03T21:19:10.133161+00:00	parse_error	https://www.nature.com/ncomms.rss	malformed feed
2026-10-03T21:19:10.214445+00:00	parse_error	https://www.nature.com/natelectron.rss	malformed feed
2026-10-03T21:19:24.632589+00:00	parse_error	https://link.springer.com/search.rss?query=*&facet-journal-id=10427&sortOrder=newest	malformed feed
2026-10-03T21:19:25.017211+00:00	parse_error	https://link.springer.com/search.rss?query=*&facet-journal-id=543&sortOrder=newest	malformed feed
2026-10-03T21:19:25.292421+00:00	http_403	https://pubs.acs.org/action/showFeed?jc=aaemcq&type=etoc&feed=rss	HTTP 403
2026-10-03T21:19:25.334562+00:00	http_403	https://pubs.acs.org/action/showFeed?jc=aelccp&type=etoc&feed=rss	HTTP 403
