name	category	url
AAAS: Science Advances: Table of Contents	unknown	https://www.science.org/action/showFeed?type=etoc&feed=rss&jc=sciadv
AAAS: Science: Table of Contents	unknown	https://www.science.org/action/showFeed?type=etoc&feed=rss&jc=science
Actuators	unknown	https://www.mdpi.com/rss/journal/actuators
Applied Mechanics	unknown	https://www.mdpi.com/rss/journal/applmech
Applied Sciences	unknown	https://www.mdpi.com/rss/journal/applsci
Applied Surface Science	unknown	https://rss.sciencedirect.com/publication/science/01694332
Batteries	unknown	https://www.mdpi.com/rss/journal/batteries
Bioengineering	unknown	https://www.mdpi.com/rss/journal/bioengineering
Biomolecules	unknown	https://www.mdpi.com/rss/journal/biomolecules
Biosensors	unknown	https://www.mdpi.com/rss/journal/biosensors
Ceramics	unknown	https://www.mdpi.com/rss/journal/ceramics
ChemEngineering	unknown	https://www.mdpi.com/rss/journal/chemengineering
Chemosensors	unknown	https://www.mdpi.com/rss/journal/chemosensors
Chips	unknown	https://www.mdpi.com/rss/journal/chips
Clean Technologies	unknown	https://www.mdpi.com/rss/journal/cleantechnol
Coatings	unknown	https://www.mdpi.com/rss/journal/coatings
Colloids and Interfaces	unknown	https://www.mdpi.com/rss/journal/colloids
Communications Materials	unknown	https://www.nature.com/commsmat.rss
Condensed Matter	unknown	https://www.mdpi.com/rss/journal/condensedmatter
Crystals	unknown	https://www.mdpi.com/rss/journal/crystals
Electrochem	unknown	https://www.mdpi.com/rss/journal/electrochem
Electronics	unknown	https://www.mdpi.com/rss/journal/electronics
Energies	unknown	https://www.mdpi.com/rss/journal/energies
Entropy	unknown	https://www.mdpi.com/rss/journal/entropy
Fibers	unknown	https://www.mdpi.com/rss/journal/fibers
Fluids	unknown	https://www.mdpi.com/rss/journal/fluids
Frontiers in Energy Research | New and Recent Articles	unknown	https://www.frontiersin.org/journals/energy-research/rss
Frontiers in Materials | New and Recent Articles	unknown	https://www.frontiersin.org/journals/materials/rss
Fuels	unknown	https://www.mdpi.com/rss/journal/fuels
Gels	unknown	https://www.mdpi.com/rss/journal/gels
Hardware	unknown	https://www.mdpi.com/rss/journal/hardware
IEEE Aerospace and Electronic Systems Magazine - new TOC	unknown	https://ieeexplore.ieee.org/rss/TOC62.XML
IEEE ASSP Magazine - new TOC	unknown	https://ieeexplore.ieee.org/rss/TOC53.XML
IEEE Computer Applications in Power - new TOC	unknown	https://ieeexplore.ieee.org/rss/TOC67.XML
IEEE Design & Test of Computers - new TOC	unknown	https://ieeexplore.ieee.org/rss/TOC54.XML
IEEE Electrical Insulation Magazine - new TOC	unknown	https://ieeexplore.ieee.org/rss/TOC57.XML
IEEE Electron Device Letters - new TOC	unknown	https://ieeexplore.ieee.org/rss/TOC55.XML
IEEE Engineering in Medicine and Biology Magazine - new TOC	unknown	https://ieeexplore.ieee.org/rss/TOC51.XML
IEEE Expert - new TOC	unknown	https://ieeexplore.ieee.org/rss/TOC64.XML
IEEE Journal of Oceanic Engineering - new TOC	unknown	https://ieeexplore.ieee.org/rss/TOC48.XML
IEEE Journal on Robotics and Automation - new TOC	unknown	https://ieeexplore.ieee.org/rss/TOC56.XML
IEEE Journal on Selected Areas in Communications - new TOC	unknown	https://ieeexplore.ieee.org/rss/TOC49.XML
IEEE Network - new TOC	unknown	https://ieeexplore.ieee.org/rss/TOC65.XML
IEEE Photonics Technology Letters - new TOC	unknown	https://ieeexplore.ieee.org/rss/TOC68.XML
IEEE Software - new TOC	unknown	https://ieeexplore.ieee.org/rss/TOC52.XML
IEEE Transactions on Energy Conversion - new TOC	unknown	https://ieeexplore.ieee.org/rss/TOC60.XML
IEEE Transactions on Fuzzy Systems - new TOC	unknown	https://ieeexplore.ieee.org/rss/TOC91.XML
IEEE Transactions on Power Delivery - new TOC	unknown	https://ieeexplore.ieee.org/rss/TOC61.XML
IEEE Transactions on Power Electronics - new TOC	unknown	https://ieeexplore.ieee.org/rss/TOC63.XML
IEEE Transactions on Power Systems - new TOC	unknown	https://ieeexplore.ieee.org/rss/TOC59.XML
IEEE Transactions on Semiconductor Manufacturing - new TOC	unknown	https://ieeexplore.ieee.org/rss/TOC66.XML
IEEE Transactions on Ultrasonics, Ferroelectrics, and Frequency Control - new TOC	unknown	https://ieeexplore.ieee.org/rss/TOC58.XML
IEEE Transactions on Very Large Scale Integration (VLSI) Systems - new TOC	unknown	https://ieeexplore.ieee.org/rss/TOC92.XML
IEEE/ACM Transactions on Networking - new TOC	unknown	https://ieeexplore.ieee.org/rss/TOC90.XML
Inorganics	unknown	https://www.mdpi.com/rss/journal/inorganics
Instruments	unknown	https://www.mdpi.com/rss/journal/instruments
International Journal of Molecular Sciences	unknown	https://www.mdpi.com/rss/journal/ijms
Journal of Composites Science	unknown	https://www.mdpi.com/rss/journal/jcs
Journal of Crystal Growth	unknown	https://rss.sciencedirect.com/publication/science/00220248
Journal of Functional Biomaterials	unknown	https://www.mdpi.com/rss/journal/jfb
Journal of Lightwave Technology - new TOC	unknown	https://ieeexplore.ieee.org/rss/TOC50.XML
Journal of Low Power Electronics and Applications	unknown	https://www.mdpi.com/rss/journal/jlpea
Journal of Manufacturing and Materials Processing	unknown	https://www.mdpi.com/rss/journal/jmmp
Latest Results	unknown	https://link.springer.com/search.rss?query=*&facet-journal-id=10836&sortOrder=newest
Latest Results	unknown	https://link.springer.com/search.rss?query=*&facet-journal-id=10853&sortOrder=newest
Latest Results	unknown	https://link.springer.com/search.rss?query=*&facet-journal-id=10854&sortOrder=newest
Latest Results	unknown	https://link.springer.com/search.rss?query=*&facet-journal-id=11051&sortOrder=newest
Latest Results	unknown	https://link.springer.com/search.rss?query=*&facet-journal-id=11664&sortOrder=newest
Latest Results	unknown	https://link.springer.com/search.rss?query=*&facet-journal-id=12274&sortOrder=newest
Latest Results	unknown	https://link.springer.com/search.rss?query=*&facet-journal-id=12598&sortOrder=newest
Latest Results	unknown	https://link.springer.com/search.rss?query=*&facet-journal-id=340&sortOrder=newest
Latest Results	unknown	https://link.springer.com/search.rss?query=*&facet-journal-id=40823&sortOrder=newest
Machines	unknown	https://www.mdpi.com/rss/journal/machines
Macromol	unknown	https://www.mdpi.com/rss/journal/macromol
Magnetochemistry	unknown	https://www.mdpi.com/rss/journal/magnetochemistry
Materials	unknown	https://www.mdpi.com/rss/journal/materials
Materials Proceedings	unknown	https://www.mdpi.com/rss/journal/materproc
Mathematics	unknown	https://www.mdpi.com/rss/journal/mathematics
Membranes	unknown	https://www.mdpi.com/rss/journal/membranes
Metals	unknown	https://www.mdpi.com/rss/journal/metals
Micromachines	unknown	https://www.mdpi.com/rss/journal/micromachines
Microwave	unknown	https://www.mdpi.com/rss/journal/microwave
Molecules	unknown	https://www.mdpi.com/rss/journal/molecules
Nanomanufacturing	unknown	https://www.mdpi.com/rss/journal/nanomanufacturing
Nanomaterials	unknown	https://www.mdpi.com/rss/journal/nanomaterials
Nature	unknown	https://www.nature.com/nature.rss
Nature Communications	unknown	https://www.nature.com/ncomms.rss
Nature Electronics	unknown	https://www.nature.com/natelectron.rss
Nature Energy	unknown	https://www.nature.com/nenergy.rss
Nature Materials	unknown	https://www.nature.com/nmat.rss
Nature Nanotechnology	unknown	https://www.nature.com/nnano.rss
Nature Photonics	unknown	https://www.nature.com/nphoton.rss
Nature Physics	unknown	https://www.nature.com/nphys.rss
Nature Reviews Materials	unknown	https://www.nature.com/natrevmats.rss
Optics	unknown	https://www.mdpi.com/rss/journal/optics
Organics	unknown	https://www.mdpi.com/rss/journal/organics
Photochem	unknown	https://www.mdpi.com/rss/journal/photochem
Photonics	unknown	https://www.mdpi.com/rss/journal/photonics
Polymers	unknown	https://www.mdpi.com/rss/journal/polymers
Processes	unknown	https://www.mdpi.com/rss/journal/processes
Recent Articles in Phys. Rev. Applied	unknown	https://feeds.aps.org/rss/recent/prapplied.xml
Recent Articles in Phys. Rev. B	unknown	https://feeds.aps.org/rss/recent/prb.xml
Recent Articles in Phys. Rev. Materials	unknown	https://feeds.aps.org/rss/recent/prmaterials.xml
Recent Articles in Phys. Rev. Research	unknown	https://feeds.aps.org/rss/recent/prresearch.xml
Recycling	unknown	https://www.mdpi.com/rss/journal/recycling
ScienceDirect Publication: Acta Materialia	unknown	https://rss.sciencedirect.com/publication/science/13596454
ScienceDirect Publication: Ceramics International	unknown	https://rss.sciencedirect.com/publication/science/02728842
ScienceDirect Publication: Energy Conversion and Management	unknown	https://rss.sciencedirect.com/publication/science/01968904
ScienceDirect Publication: Heliyon	unknown	https://rss.sciencedirect.com/publication/science/24058440
ScienceDirect Publication: Integration	unknown	https://rss.sciencedirect.com/publication/science/01679260
ScienceDirect Publication: Journal of Energy Storage	unknown	https://rss.sciencedirect.com/publication/science/2352152X
ScienceDirect Publication: Materials Chemistry and Physics	unknown	https://rss.sciencedirect.com/publication/science/02540584
ScienceDirect Publication: Materials Science in Semiconductor Processing	unknown	https://rss.sciencedirect.com/publication/science/13698001
ScienceDirect Publication: Materials Today Physics	unknown	https://rss.sciencedirect.com/publication/science/25425293
ScienceDirect Publication: Microelectronic Engineering	unknown	https://rss.sciencedirect.com/publication/science/01679317
ScienceDirect Publication: Microelectronics Journal	unknown	https://rss.sciencedirect.com/publication/science/18792391
ScienceDirect Publication: Nano Energy	unknown	https://rss.sciencedirect.com/publication/science/22112855
ScienceDirect Publication: Optical Materials	unknown	https://rss.sciencedirect.com/publication/science/09253467
ScienceDirect Publication: Physica E: Low-dimensional Systems and Nanostructures	unknown	https://rss.sciencedirect.com/publication/science/13869477
ScienceDirect Publication: Results in Physics	unknown	https://rss.sciencedirect.com/publication/science/22113797
ScienceDirect Publication: Science Bulletin	unknown	https://rss.sciencedirect.com/publication/science/20959273
ScienceDirect Publication: Solar Energy Advances	unknown	https://rss.sciencedirect.com/publication/science/26671131
ScienceDirect Publication: Solar Energy Materials and Solar Cells	unknown	https://rss.sciencedirect.com/publication/science/09270248
ScienceDirect Publication: Solid-State Electronics	unknown	https://rss.sciencedirect.com/publication/science/00381101
ScienceDirect Publication: Superlattices and Microstructures	unknown	https://rss.sciencedirect.com/publication/science/07496036
ScienceDirect Publication: Synthetic Metals	unknown	https://rss.sciencedirect.com/publication/science/03796779
Sensors	unknown	https://www.mdpi.com/rss/journal/sensors
Solar	unknown	https://www.mdpi.com/rss/journal/solar
Solids	unknown	https://www.mdpi.com/rss/journal/solids
Surfaces	unknown	https://www.mdpi.com/rss/journal/surfaces
Sustainability	unknown	https://www.mdpi.com/rss/journal/sustainability
Symmetry	unknown	https://www.mdpi.com/rss/journal/symmetry
tandf: High Pressure Research: Table of Contents	unknown	https://www.tandfonline.com/action/showFeed?type=etoc&feed=rss&jc=ghpr20
tandf: International Journal of Electronics: Table of Contents	unknown	https://www.tandfonline.com/action/showFeed?type=etoc&feed=rss&jc=tetn
Technologies	unknown	https://www.mdpi.com/rss/journal/technologies
Thin Solid Films	unknown	https://rss.sciencedirect.com/publication/science/00406090
unknown	unknown	https://link.springer.com/search.rss?query=*&facet-journal-id=10427&sortOrder=newest
unknown	unknown	https://link.springer.com/search.rss?query=*&facet-journal-id=543&sortOrder=newest
unknown	unknown	https://pubs.acs.org/action/showFeed?jc=aaemcq&type=etoc&feed=rss
unknown	unknown	https://pubs.acs.org/action/showFeed?jc=aelccp&type=etoc&feed=rss
Water	unknown	https://www.mdpi.com/rss/journal/water
Wiley: Advanced Electronic Materials: Table of Contents	unknown	https://onlinelibrary.wiley.com/feed/2199160X/most-recent
Wiley: Advanced Energy Materials: Table of Contents	unknown	https://onlinelibrary.wiley.com/feed/16146840/most-recent
Wiley: Advanced Functional Materials: Table of Contents	unknown	https://onlinelibrary.wiley.com/feed/16163028/most-recent
Wiley: Advanced Materials Technologies: Table of Contents	unknown	https://onlinelibrary.wiley.com/feed/2365709X/most-recent
Wiley: Advanced Materials: Table of Contents	unknown	https://onlinelibrary.wiley.com/feed/15214095/most-recent
Wiley: Advanced Science: Table of Contents	unknown	https://onlinelibrary.wiley.com/feed/21983844/most-recent
Wiley: ChemPhysChem: Table of Contents	unknown	https://onlinelibrary.wiley.com/feed/14397641/most-recent
Wiley: Chinese Journal of Chemistry: Table of Contents	unknown	https://onlinelibrary.wiley.com/feed/16147065/most-recent
Wiley: Electronics Letters: Table of Contents	unknown	https://ietresearch.onlinelibrary.wiley.com/feed/1350911x/most-recent
Wiley: ENERGY & ENVIRONMENTAL MATERIALS: Table of Contents	unknown	https://onlinelibrary.wiley.com/feed/25750356/most-recent
Wiley: Energy Science & Engineering: Table of Contents	unknown	https://onlinelibrary.wiley.com/feed/20500505/most-recent
Wiley: IET Power Electronics: Table of Contents	unknown	https://ietresearch.onlinelibrary.wiley.com/feed/17554543/most-recent
Wiley: International Journal of Circuit Theory and Applications: Table of Contents	unknown	https://onlinelibrary.wiley.com/feed/1097007X/most-recent
Wiley: Plasma Processes and Polymers: Table of Contents	unknown	https://onlinelibrary.wiley.com/feed/16128869/most-recent
Wiley: Small Structures: Table of Contents	unknown	https://onlinelibrary.wiley.com/feed/26884062/most-recent
Wiley: Small: Table of Contents	unknown	https://onlinelibrary.wiley.com/feed/16136829/most-recent
Wiley: Solar RRL: Table of Contents	unknown	https://onlinelibrary.wiley.com/feed/2367198x/most-recent
